{"cameraMode":{"drawMode":0,"name":"Shaded","section":"Shading Mode"},"sceneLighting":false,"audioPlay":false,"sceneViewState":{"m_AlwaysRefresh":false,"showFog":true,"showSkybox":false,"showFlares":true,"showImageEffects":true,"showParticleSystems":true,"showVisualEffectGraphs":true,"m_FxEnabled":true},"in2DMode":false,"pivot":{"x":-0.3935330808162689,"y":2.0512611865997316,"z":-2.6672775745391847},"rotation":{"x":0.3454645872116089,"y":0.08711208403110504,"z":-0.03218356519937515,"w":0.9338725805282593},"size":0.8660253882408142,"orthographic":false}