{"cameraMode":{"drawMode":0,"name":"Shaded","section":"Shading Mode"},"sceneLighting":false,"audioPlay":false,"sceneViewState":{"m_AlwaysRefresh":false,"showFog":true,"showSkybox":false,"showFlares":true,"showImageEffects":true,"showParticleSystems":true,"showVisualEffectGraphs":true,"m_FxEnabled":true},"in2DMode":false,"pivot":{"x":-1.0343289375305176,"y":1.4728389978408814,"z":-2.6086926460266115},"rotation":{"x":0.4388664662837982,"y":-0.04039909318089485,"z":0.0197990033775568,"w":0.8974747657775879},"size":0.8660253882408142,"orthographic":false}